concept,gloss
αγαπω,ΑΓΑΠΩ
αγγιζω,ΑΓΓΙΖΩ
αγγλια,ΑΓΓΛΙΑ
αγελαδα,ΑΓΕΛΑΔΑ
αγνοω,ΑΓΝΟΩ
αγνωστος,ΑΓΝΩΣΤΟΣ
αγορα,ΑΓΟΡΑ
αγοραζω,ΑΓΟΡΑΖΩ
αγορι,ΑΓΟΡΙ
αγριος,ΑΓΡΙΟΣ
αγωγος,ΑΓΩΓΟΣ
αδεια,ΑΔΕΙΑ
αδειαζω,ΑΔΕΙΑΖΩ
αδειος,ΑΔΕΙΟΣ
αδελφος,ΑΔΕΛΦΟΣ
αερας,ΑΕΡΑΣ
αεριο,ΑΕΡΙΟ
αθηνα,ΑΘΗΝΑ
αθωος,ΑΘΩΟΣ
αιθουσα,ΑΙΘΟΥΣΑ
αιμα,ΑΙΜΑ
αισθανομαι,ΑΙΣΘΑΝΟΜΑΙ
αιτια,ΑΙΤΙΑ
αιωνας,ΑΙΩΝΑΣ
ακαταστασια,ΑΚΑΤΑΣΤΑΣΙΑ
ακολουθω,ΑΚΟΛΟΥΘΩ
ακουω,ΑΚΟΥΩ
ακριβος,ΑΚΡΙΒΟΣ
ακρογιαλια,ΑΚΡΟΓΙΑΛΙΑ
ακυρωνω,ΑΚΥΡΩΝΩ
αλατι,ΑΛΑΤΙ
αλευρι,ΑΛΕΥΡΙ
αληθεια,ΑΛΗΘΕΙΑ
αληθινος,ΑΛΗΘΙΝΟΣ
αλλα,ΑΛΛΑ
αλλαζω,ΑΛΛΑΖΩ
αλληλογραφια,ΑΛΛΗΛΟΓΡΑΦΙΑ
αλλος,ΑΛΛΟΣ
αλυσιδα,ΑΛΥΣΙΔΑ
αμφιβαλλω,ΑΜΦΙΒΑΛΛΩ
αν,ΑΝ
αναβαλλω,ΑΝΑΒΑΛΛΩ
αναβω,ΑΝΑΒΩ
αναγγελια,ΑΝΑΓΓΕΛΙΑ
αναμεσα,ΑΝΑΜΕΣΑ
αναστατωνω,ΑΝΑΣΤΑΤΩΝΩ
ανατολη,ΑΝΑΤΟΛΗ
ανατολικα,ΑΝΑΤΟΛΙΚΑ
αναχωρηση,ΑΝΑΧΩΡΗΣΗ
ανετος,ΑΝΕΤΟΣ
ανεχομαι,ΑΝΕΧΟΜΑΙ
ανησυχω,ΑΝΗΣΥΧΩ
ανηφορος,ΑΝΗΦΟΡΟΣ
ανθρωπος,ΑΝΘΡΩΠΟΣ
ανοητος,ΑΝΟΗΤΟΣ
ανοιγω,ΑΝΟΙΓΩ
ανοιξη,ΑΝΟΙΞΗ
ανοιχτομυαλος,ΑΝΟΙΧΤΟΜΥΑΛΟΣ
ανταλλασω,ΑΝΤΑΛΛΑΣΩ
αντιγραφο,ΑΝΤΙΓΡΑΦΟ
αντικειμενο,ΑΝΤΙΚΕΙΜΕΝΟ
αντιρρηση,ΑΝΤΙΡΡΗΣΗ
αντρας,ΑΝΤΡΑΣ
απαγορευεται,ΑΠΑΓΟΡΕΥΕΤΑΙ
απαντω,ΑΠΑΝΤΩ
απαραιτητος,ΑΠΑΡΑΙΤΗΤΟΣ
απειλη,ΑΠΕΙΛΗ
απλος,ΑΠΛΟΣ
απογευμα,ΑΠΟΓΕΥΜΑ
απογοητευω,ΑΠΟΓΟΗΤΕΥΩ
αποδεικνυω,ΑΠΟΔΕΙΚΝΥΩ
αποθηκη,ΑΠΟΘΗΚΗ
αποκατω,ΑΠΟΚΑΤΩ
απομακρυνω,ΑΠΟΜΑΚΡΥΝΩ
απορια,ΑΠΟΡΙΑ
αποσκευες,ΑΠΟΣΚΕΥΕΣ
αποσταση,ΑΠΟΣΤΑΣΗ
αποτελεσμα,ΑΠΟΤΕΛΕΣΜΑ
αποφαση,ΑΠΟΦΑΣΗ
αποφευγω,ΑΠΟΦΕΥΓΩ
απριλιος,ΑΠΡΙΛΙΟΣ
αργοτερα,ΑΡΓΟΤΕΡΑ
αρεσω,ΑΡΕΣΩ
αριστερα,ΑΡΙΣΤΕΡΑ
αρκετα,ΑΡΚΕΤΑ
αρπαζω,ΑΡΠΑΖΩ
ασκηση,ΑΣΚΗΣΗ
ασπρος,ΑΣΠΡΟΣ
αστειος,ΑΣΤΕΙΟΣ
αστερι,ΑΣΤΕΡΙ
αστυνομικος,ΑΣΤΥΝΟΜΙΚΟΣ
ατμος,ΑΤΜΟΣ
ατυχημα,ΑΤΥΧΗΜΑ
ατυχος,ΑΤΥΧΟΣ
αυγο,ΑΥΓΟ
αυγουστος,ΑΥΓΟΥΣΤΟΣ
αυλη,ΑΥΛΗ
αυριο,ΑΥΡΙΟ
αυστηρος,ΑΥΣΤΗΡΟΣ
αυτι,ΑΥΤΙ
αυτοκινητο,ΑΥΤΟΚΙΝΗΤΟ
αυτοματος,ΑΥΤΟΜΑΤΟΣ
αφηνω,ΑΦΗΝΩ
αφιξη,ΑΦΙΞΗ
αφου,ΑΦΟΥ
αχλαδι,ΑΧΛΑΔΙ
βαζω,ΒΑΖΩ
βαθμος,ΒΑΘΜΟΣ
βαθος,ΒΑΘΟΣ
βαλιτσα,ΒΑΛΙΤΣΑ
βαρκα,ΒΑΡΚΑ
βαρος,ΒΑΡΟΣ
βαρυς,ΒΑΡΥΣ
βελονα,ΒΕΛΟΝΑ
βενζινη,ΒΕΝΖΙΝΗ
βερολινο,ΒΕΡΟΛΙΝΟ
βηχω,ΒΗΧΩ
βια,ΒΙΑ
βιβλιο,ΒΙΒΛΙΟ
βιβλιοθηκη,ΒΙΒΛΙΟΘΗΚΗ
βιδα,ΒΙΔΑ
βιλλα,ΒΙΛΛΑ
βιομηχανια,ΒΙΟΜΗΧΑΝΙΑ
βλαβη,ΒΛΑΒΗ
βλεπω,ΒΛΕΠΩ
βοδι,ΒΟΔΙ
βομβα,ΒΟΜΒΑ
βορεια,ΒΟΡΕΙΑ
βουνο,ΒΟΥΝΟ
βουρτσα,ΒΟΥΡΤΣΑ
βουτυρο,ΒΟΥΤΥΡΟ
βραδια,ΒΡΑΔΙΑ
βρισκω,ΒΡΙΣΚΩ
βρομικος,ΒΡΟΜΙΚΟΣ
βροχη,ΒΡΟΧΗ
γαλα,ΓΑΛΑ
γαλλια,ΓΑΛΛΙΑ
γαμος,ΓΑΜΟΣ
γατα,ΓΑΤΑ
γειτονας,ΓΕΙΤΟΝΑΣ
γειτονια,ΓΕΙΤΟΝΙΑ
γελω,ΓΕΛΩ
γενεθλια,ΓΕΝΕΘΛΙΑ
γεννα,ΓΕΝΝΑ
γερμανια,ΓΕΡΜΑΝΙΑ
γερος,ΓΕΡΟΣ
γευμα,ΓΕΥΜΑ
γευση,ΓΕΥΣΗ
γεφυρα,ΓΕΦΥΡΑ
γεωργος,ΓΕΩΡΓΟΣ
γη,ΓΗ
γιατρος,ΓΙΑΤΡΟΣ
γιορταζω,ΓΙΟΡΤΑΖΩ
γιος,ΓΙΟΣ
γκρι,ΓΚΡΙ
γλυκος,ΓΛΥΚΟΣ
γλωσσα,ΓΛΩΣΣΑ
γνωμη,ΓΝΩΜΗ
γνωριζω,ΓΝΩΡΙΖΩ
γνωριζω καποιον,ΓΝΩΡΙΖΩ_ΚΑΠΟΙΟΝ
γνωση,ΓΝΩΣΗ
γονατο,ΓΟΝΑΤΟ
γονεας,ΓΟΝΕΑΣ
γουστο,ΓΟΥΣΤΟ
γραμμα,ΓΡΑΜΜΑ
γραφειο,ΓΡΑΦΕΙΟ
γραφω,ΓΡΑΦΩ
γυμναστικη,ΓΥΜΝΑΣΤΙΚΗ
γυμνος,ΓΥΜΝΟΣ
γυναικα,ΓΥΝΑΙΚΑ
δανειζω,ΔΑΝΕΙΖΩ
δασκαλα,ΔΑΣΚΑΛΑ
δασος,ΔΑΣΟΣ
δαχτυλο,ΔΑΧΤΥΛΟ
δειλος,ΔΕΙΛΟΣ
δειχνω,ΔΕΙΧΝΩ
δεκεμβριος,ΔΕΚΕΜΒΡΙΟΣ
δεντρο,ΔΕΝΤΡΟ
δεξια,ΔΕΞΙΑ
δερμα,ΔΕΡΜΑ
δεσποινις,ΔΕΣΠΟΙΝΙΣ
δευτερα,ΔΕΥΤΕΡΑ
δεχομαι,ΔΕΧΟΜΑΙ
δηλητηριο,ΔΗΛΗΤΗΡΙΟ
δηλωνω,ΔΗΛΩΝΩ
δημαρχειο,ΔΗΜΑΡΧΕΙΟ
δημαρχος,ΔΗΜΑΡΧΟΣ
δημιουργω,ΔΗΜΙΟΥΡΓΩ
δημοκρατια,ΔΗΜΟΚΡΑΤΙΑ
δημοσιος,ΔΗΜΟΣΙΟΣ
διαβαζω,ΔΙΑΒΑΖΩ
διαθεση,ΔΙΑΘΕΣΗ
διακοπες,ΔΙΑΚΟΠΕΣ
διακοπτης,ΔΙΑΚΟΠΤΗΣ
διαλεγω,ΔΙΑΛΕΓΩ
διαλειμμα,ΔΙΑΛΕΙΜΜΑ
διαμαρτυρομαι,ΔΙΑΜΑΡΤΥΡΟΜΑΙ
διασημος,ΔΙΑΣΗΜΟΣ
διασκεδαζω,ΔΙΑΣΚΕΔΑΖΩ
διασταυρωση,ΔΙΑΣΤΑΥΡΩΣΗ
διαταζω,ΔΙΑΤΑΖΩ
διαφημιζω,ΔΙΑΦΗΜΙΖΩ
διαφορετικος,ΔΙΑΦΟΡΕΤΙΚΟΣ
διαφωνω,ΔΙΑΦΩΝΩ
διεθνης,ΔΙΕΘΝΗΣ
διευθυνση,ΔΙΕΥΘΥΝΣΗ
διευθυντης,ΔΙΕΥΘΥΝΤΗΣ
διηγουμαι,ΔΙΗΓΟΥΜΑΙ
δικαιος,ΔΙΚΑΙΟΣ
δικαιωμα,ΔΙΚΑΙΩΜΑ
δικαστηριο,ΔΙΚΑΣΤΗΡΙΟ
δικηγορος,ΔΙΚΗΓΟΡΟΣ
δικος μου,ΔΙΚΟΣ_ΜΟΥ
δινω,ΔΙΝΩ
διπλασιος,ΔΙΠΛΑΣΙΟΣ
δισταζω,ΔΙΣΤΑΖΩ
διψασμενος,ΔΙΨΑΣΜΕΝΟΣ
δοντι,ΔΟΝΤΙ
δουλεια,ΔΟΥΛΕΙΑ
δρομος,ΔΡΟΜΟΣ
δυνατος,ΔΥΝΑΤΟΣ
δυστυχως,ΔΥΣΤΥΧΩΣ
δυτικα,ΔΥΤΙΚΑ
δωματιο,ΔΩΜΑΤΙΟ
δωρο,ΔΩΡΟ
εβδομαδα,ΕΒΔΟΜΑΔΑ
εγω,ΕΓΩ
εδαφος,ΕΔΑΦΟΣ
εδω,ΕΔΩ
εθνικος,ΕΘΝΙΚΟΣ
ειδηση,ΕΙΔΗΣΗ
ειδοποιω,ΕΙΔΟΠΟΙΩ
ειδος,ΕΙΔΟΣ
ειρηνη,ΕΙΡΗΝΗ
εισιτηριο,ΕΙΣΙΤΗΡΙΟ
εισοδος,ΕΙΣΟΔΟΣ
εκκλησια,ΕΚΚΛΗΣΙΑ
εκλεγω,ΕΚΛΕΓΩ
εκτιμω,ΕΚΤΙΜΩ
ελαφρος,ΕΛΑΦΡΟΣ
ελευθερος,ΕΛΕΥΘΕΡΟΣ
ελευθερωνω,ΕΛΕΥΘΕΡΩΝΩ
ελλαδα,ΕΛΛΑΔΑ
ελπιζω,ΕΛΠΙΖΩ
εμεις,ΕΜΕΙΣ
εμπιστευομαι,ΕΜΠΙΣΤΕΥΟΜΑΙ
εμποριο,ΕΜΠΟΡΙΟ
εμπορος,ΕΜΠΟΡΟΣ
ενοικιαζω,ΕΝΟΙΚΙΑΖΩ
ενοικιαστης,ΕΝΟΙΚΙΑΣΤΗΣ
ενοχλω,ΕΝΟΧΛΩ
εντομο,ΕΝΤΟΜΟ
εντυπωσιαζω,ΕΝΤΥΠΩΣΙΑΖΩ
εξεταζω,ΕΞΕΤΑΖΩ
εξηγω,ΕΞΗΓΩ
εξοδο,ΕΞΟΔΟ
εξοδος,ΕΞΟΔΟΣ
εξυπνος,ΕΞΥΠΝΟΣ
εξω,ΕΞΩ
εξωτερικο,ΕΞΩΤΕΡΙΚΟ
επαναλαμβανω,ΕΠΑΝΑΛΑΜΒΑΝΩ
επανω,ΕΠΑΝΩ
επειτα,ΕΠΕΙΤΑ
επιβατης,ΕΠΙΒΑΤΗΣ
επιθυμια,ΕΠΙΘΥΜΙΑ
επιπλο,ΕΠΙΠΛΟ
επισημαινω,ΕΠΙΣΗΜΑΙΝΩ
επισης,ΕΠΙΣΗΣ
επισκεπτης,ΕΠΙΣΚΕΠΤΗΣ
επισκευαζω,ΕΠΙΣΚΕΥΑΖΩ
επιστημη,ΕΠΙΣΤΗΜΗ
επιστολη,ΕΠΙΣΤΟΛΗ
επιταγη,ΕΠΙΤΑΓΗ
επιτελους,ΕΠΙΤΕΛΟΥΣ
επιτηδες,ΕΠΙΤΗΔΕΣ
επιτυχια,ΕΠΙΤΥΧΙΑ
επιχειρηση,ΕΠΙΧΕΙΡΗΣΗ
επομενος,ΕΠΟΜΕΝΟΣ
εποχη,ΕΠΟΧΗ
επωνυμο,ΕΠΩΝΥΜΟ
εργαζομαι,ΕΡΓΑΖΟΜΑΙ
εργαλειο,ΕΡΓΑΛΕΙΟ
εργαστηριο,ΕΡΓΑΣΤΗΡΙΟ
εργατης,ΕΡΓΑΤΗΣ
εργατικος,ΕΡΓΑΤΙΚΟΣ
εργοστασιο,ΕΡΓΟΣΤΑΣΙΟ
ερχομαι,ΕΡΧΟΜΑΙ
ερωτηση,ΕΡΩΤΗΣΗ
εσυ,ΕΣΥ
ετος,ΕΤΟΣ
ευγενεια,ΕΥΓΕΝΕΙΑ
ευκολος,ΕΥΚΟΛΟΣ
ευρωπη,ΕΥΡΩΠΗ
ευτυχισμενος,ΕΥΤΥΧΙΣΜΕΝΟΣ
ευχαριστος,ΕΥΧΑΡΙΣΤΟΣ
ευχαριστω,ΕΥΧΑΡΙΣΤΩ
εφημεριδα,ΕΦΗΜΕΡΙΔΑ
εχθρος,ΕΧΘΡΟΣ
εχω,ΕΧΩ
ζακετα,ΖΑΚΕΤΑ
ζαχαρη,ΖΑΧΑΡΗ
ζαχαροπλαστειο,ΖΑΧΑΡΟΠΛΑΣΤΕΙΟ
ζεστη,ΖΕΣΤΗ
ζευγαρι,ΖΕΥΓΑΡΙ
ζητω,ΖΗΤΩ
ζυγιζω,ΖΥΓΙΖΩ
ζω,ΖΩ
ζωγραφια,ΖΩΓΡΑΦΙΑ
ζωγραφιζω,ΖΩΓΡΑΦΙΖΩ
ζωγραφος,ΖΩΓΡΑΦΟΣ
ζωη,ΖΩΗ
ζωνη,ΖΩΝΗ
ζωντανος,ΖΩΝΤΑΝΟΣ
ζωο,ΖΩΟ
ηδη,ΗΔΗ
ηθοποιος,ΗΘΟΠΟΙΟΣ
ηλεκτρισμος,ΗΛΕΚΤΡΙΣΜΟΣ
ηλικια,ΗΛΙΚΙΑ
ηλιος,ΗΛΙΟΣ
ημερα,ΗΜΕΡΑ
ησυχαζω,ΗΣΥΧΑΖΩ
ηχος,ΗΧΟΣ
θαλασσα,ΘΑΛΑΣΣΑ
θανατος,ΘΑΝΑΤΟΣ
θαυμαζω,ΘΑΥΜΑΖΩ
θεα,ΘΕΑ
θεατης,ΘΕΑΤΗΣ
θεατρο,ΘΕΑΤΡΟ
θεια,ΘΕΙΑ
θειος,ΘΕΙΟΣ
θελω,ΘΕΛΩ
θεμα,ΘΕΜΑ
θεος,ΘΕΟΣ
θεραπεια,ΘΕΡΑΠΕΙΑ
θορυβος,ΘΟΡΥΒΟΣ
θυμα,ΘΥΜΑ
θυμαμαι,ΘΥΜΑΜΑΙ
θυμος,ΘΥΜΟΣ
ιανουαριος,ΙΑΝΟΥΑΡΙΟΣ
ιδεα,ΙΔΕΑ
ιδιοκτητης,ΙΔΙΟΚΤΗΤΗΣ
ιδιος,ΙΔΙΟΣ
ιδιωτικος,ΙΔΙΩΤΙΚΟΣ
ιδρωνω,ΙΔΡΩΝΩ
ικανος,ΙΚΑΝΟΣ
ιουλιος,ΙΟΥΛΙΟΣ
ιουνιος,ΙΟΥΝΙΟΣ
ιστορια,ΙΣΤΟΡΙΑ
καθαρος,ΚΑΘΑΡΟΣ
καθενας,ΚΑΘΕΝΑΣ
καθηγητης,ΚΑΘΗΓΗΤΗΣ
καθηκον,ΚΑΘΗΚΟΝ
καθημερινος,ΚΑΘΗΜΕΡΙΝΟΣ
καθισμα,ΚΑΘΙΣΜΑ
καθομαι,ΚΑΘΟΜΑΙ
καθρεφτης,ΚΑΘΡΕΦΤΗΣ
καθυστερω,ΚΑΘΥΣΤΕΡΩ
καινουριος,ΚΑΙΝΟΥΡΙΟΣ
καιρος,ΚΑΙΡΟΣ
καλημερα,ΚΑΛΗΜΕΡΑ
καληνυχτα,ΚΑΛΗΝΥΧΤΑ
καλησπερα,ΚΑΛΗΣΠΕΡΑ
καλλιτεχνης,ΚΑΛΛΙΤΕΧΝΗΣ
καλοκαιρι,ΚΑΛΟΚΑΙΡΙ
καλοριφερ,ΚΑΛΟΡΙΦΕΡ
καλος,ΚΑΛΟΣ
καλτσα,ΚΑΛΤΣΑ
καναπες,ΚΑΝΑΠΕΣ
κανονιζω,ΚΑΝΟΝΙΖΩ
κανονικος,ΚΑΝΟΝΙΚΟΣ
καπελο,ΚΑΠΕΛΟ
καπνος,ΚΑΠΝΟΣ
καποτε,ΚΑΠΟΤΕ
καπου,ΚΑΠΟΥ
καπου-καπου,ΚΑΠΟΥ-ΚΑΠΟΥ
καπως,ΚΑΠΩΣ
καρβουνο,ΚΑΡΒΟΥΝΟ
καρδια,ΚΑΡΔΙΑ
καρεκλα,ΚΑΡΕΚΛΑ
καρφι,ΚΑΡΦΙ
καταιγιδα,ΚΑΤΑΙΓΙΔΑ
καταλαβαινω,ΚΑΤΑΛΑΒΑΙΝΩ
καταλογος,ΚΑΤΑΛΟΓΟΣ
κατασταση,ΚΑΤΑΣΤΑΣΗ
καταστημα,ΚΑΤΑΣΤΗΜΑ
καταστρεφω,ΚΑΤΑΣΤΡΕΦΩ
καταφερνω,ΚΑΤΑΦΕΡΝΩ
κατειλημμενος,ΚΑΤΕΙΛΗΜΜΕΝΟΣ
κατοικω,ΚΑΤΟΙΚΩ
καυτος,ΚΑΥΤΟΣ
κειμενο,ΚΕΙΜΕΝΟ
κερδιζω,ΚΕΡΔΙΖΩ
κερμα,ΚΕΡΜΑ
κεφαλι,ΚΕΦΑΛΙ
κεφι,ΚΕΦΙ
κηπος,ΚΗΠΟΣ
κιλο,ΚΙΛΟ
κινδυνος,ΚΙΝΔΥΝΟΣ
κινηματογραφος,ΚΙΝΗΜΑΤΟΓΡΑΦΟΣ
κινητο τηλεφωνο,ΚΙΝΗΤΟ_ΤΗΛΕΦΩΝΟ
κινω,ΚΙΝΩ
κιτρινος,ΚΙΤΡΙΝΟΣ
κλαδι,ΚΛΑΔΙ
κλαιω,ΚΛΑΙΩ
κλεβω,ΚΛΕΒΩ
κλειδι,ΚΛΕΙΔΙ
κλειδωνω,ΚΛΕΙΔΩΝΩ
κλεινω,ΚΛΕΙΝΩ
κλειστος,ΚΛΕΙΣΤΟΣ
κλοτσω,ΚΛΟΤΣΩ
κοβω,ΚΟΒΩ
κοινος,ΚΟΙΝΟΣ
κοινοτητα,ΚΟΙΝΟΤΗΤΑ
κοινωνια,ΚΟΙΝΩΝΙΑ
κοιταζω,ΚΟΙΤΑΖΩ
κοκκινος,ΚΟΚΚΙΝΟΣ
κομματι,ΚΟΜΜΑΤΙ
κομψος,ΚΟΜΨΟΣ
κονσερβα,ΚΟΝΣΕΡΒΑ
κοντα,ΚΟΝΤΑ
κοντος,ΚΟΝΤΟΣ
κορη,ΚΟΡΗ
κοριτσι,ΚΟΡΙΤΣΙ
κοσμος,ΚΟΣΜΟΣ
κοτα,ΚΟΤΑ
κοτοπουλο,ΚΟΤΟΠΟΥΛΟ
κουδουνι,ΚΟΥΔΟΥΝΙ
κουζινα,ΚΟΥΖΙΝΑ
κουταλι,ΚΟΥΤΑΛΙ
κουτι,ΚΟΥΤΙ
κοφτερος,ΚΟΦΤΕΡΟΣ
κρατω,ΚΡΑΤΩ
κρεας,ΚΡΕΑΣ
κρεβατι,ΚΡΕΒΑΤΙ
κρεμα,ΚΡΕΜΑ
κρεμω,ΚΡΕΜΩ
κριμα,ΚΡΙΜΑ
κτιριο,ΚΤΙΡΙΟ
κυβερνηση,ΚΥΒΕΡΝΗΣΗ
κυκλος,ΚΥΚΛΟΣ
κυρια,ΚΥΡΙΑ
κυριακη,ΚΥΡΙΑΚΗ
κυριος,ΚΥΡΙΟΣ
λαδι,ΛΑΔΙ
λαμπω,ΛΑΜΠΩ
λαος,ΛΑΟΣ
λειος,ΛΕΙΟΣ
λεκανη,ΛΕΚΑΝΗ
λεκες,ΛΕΚΕΣ
λεξη,ΛΕΞΗ
λεξικο,ΛΕΞΙΚΟ
λεπτος,ΛΕΠΤΟΣ
λεω,ΛΕΩ
λεωφορειο,ΛΕΩΦΟΡΕΙΟ
λιμανι,ΛΙΜΑΝΙ
λιμνη,ΛΙΜΝΗ
λιωνω,ΛΙΩΝΩ
λογικος,ΛΟΓΙΚΟΣ
λογοτεχνια,ΛΟΓΟΤΕΧΝΙΑ
λονδινο,ΛΟΝΔΙΝΟ
λουλουδι,ΛΟΥΛΟΥΔΙ
λοφος,ΛΟΦΟΣ
λυγιζω,ΛΥΓΙΖΩ
λυμαινομαι,ΛΥΜΑΙΝΟΜΑΙ
λυπαμαι,ΛΥΠΑΜΑΙ
μαγειρευω,ΜΑΓΕΙΡΕΥΩ
μαζευω,ΜΑΖΕΥΩ
μαθαινω,ΜΑΘΑΙΝΩ
μαθημα,ΜΑΘΗΜΑ
μαθητης,ΜΑΘΗΤΗΣ
μαιος,ΜΑΙΟΣ
μακρινος,ΜΑΚΡΙΝΟΣ
μαλακος,ΜΑΛΑΚΟΣ
μαλλια,ΜΑΛΛΙΑ
μανικι,ΜΑΝΙΚΙ
μαρτιος,ΜΑΡΤΙΟΣ
μαστορας,ΜΑΣΤΟΡΑΣ
ματι,ΜΑΤΙ
μαυρος,ΜΑΥΡΟΣ
μαχαιρι,ΜΑΧΑΙΡΙ
μαχη,ΜΑΧΗ
μεγαλος,ΜΕΓΑΛΟΣ
μεγαλωνω,ΜΕΓΑΛΩΝΩ
μεγεθος,ΜΕΓΕΘΟΣ
μεθαυριο,ΜΕΘΑΥΡΙΟ
μειονεκτημα,ΜΕΙΟΝΕΚΤΗΜΑ
μελλον,ΜΕΛΛΟΝ
μενω,ΜΕΝΩ
μεσα,ΜΕΣΑ
μεσανυχτα,ΜΕΣΑΝΥΧΤΑ
μεση,ΜΕΣΗ
μεσημερι,ΜΕΣΗΜΕΡΙ
μετρο,ΜΕΤΡΟ
μετρω,ΜΕΤΡΩ
μηκος,ΜΗΚΟΣ
μηνας,ΜΗΝΑΣ
μητερα,ΜΗΤΕΡΑ
μηχανη,ΜΗΧΑΝΗ
μηχανικος,ΜΗΧΑΝΙΚΟΣ
μικρος,ΜΙΚΡΟΣ
μιλω,ΜΙΛΩ
μισθος,ΜΙΣΘΟΣ
μισος,ΜΙΣΟΣ
μοιραζω,ΜΟΙΡΑΖΩ
μολις,ΜΟΛΙΣ
μοναχικος,ΜΟΝΑΧΙΚΟΣ
μονοπατι,ΜΟΝΟΠΑΤΙ
μονος,ΜΟΝΟΣ
μουσειο,ΜΟΥΣΕΙΟ
μουσικη,ΜΟΥΣΙΚΗ
μπανιο,ΜΠΑΝΙΟ
μπαστουνι,ΜΠΑΣΤΟΥΝΙ
μπερδευομαι,ΜΠΕΡΔΕΥΟΜΑΙ
μπλε,ΜΠΛΕ
μπλουζα,ΜΠΛΟΥΖΑ
μπουκαλι,ΜΠΟΥΚΑΛΙ
μπροστα,ΜΠΡΟΣΤΑ
μπυρα,ΜΠΥΡΑ
μυριζω,ΜΥΡΙΖΩ
μυτη,ΜΥΤΗ
ναι,ΝΑΙ
νεκρος,ΝΕΚΡΟΣ
νερο,ΝΕΡΟ
νησι,ΝΗΣΙ
νιατα,ΝΙΑΤΑ
νοεμβριος,ΝΟΕΜΒΡΙΟΣ
νοημα,ΝΟΗΜΑ
νομιζω,ΝΟΜΙΖΩ
νομος,ΝΟΜΟΣ
νοσοκομα,ΝΟΣΟΚΟΜΑ
νοσοκομειο,ΝΟΣΟΚΟΜΕΙΟ
νοστιμος,ΝΟΣΤΙΜΟΣ
νοτια,ΝΟΤΙΑ
ντοματα,ΝΤΟΜΑΤΑ
ντουλαπα,ΝΤΟΥΛΑΠΑ
νυσταζω,ΝΥΣΤΑΖΩ
νυχτα,ΝΥΧΤΑ
ξαφνιαζω,ΞΑΦΝΙΑΖΩ
ξαφνικα,ΞΑΦΝΙΚΑ
ξενος,ΞΕΝΟΣ
ξεχνω,ΞΕΧΝΩ
ξεχωριζω,ΞΕΧΩΡΙΖΩ
ξινος,ΞΙΝΟΣ
ξοδευω,ΞΟΔΕΥΩ
οδηγια,ΟΔΗΓΙΑ
οδηγος,ΟΔΗΓΟΣ
οδηγω,ΟΔΗΓΩ
οδοντιατρος,ΟΔΟΝΤΙΑΤΡΟΣ
οικογενεια,ΟΙΚΟΓΕΝΕΙΑ
οικονομια,ΟΙΚΟΝΟΜΙΑ
οινοπνευμα,ΟΙΝΟΠΝΕΥΜΑ
ολοκληρος,ΟΛΟΚΛΗΡΟΣ
ομαδα,ΟΜΑΔΑ
ομιχλη,ΟΜΙΧΛΗ
ομοιος,ΟΜΟΙΟΣ
ομορφος,ΟΜΟΡΦΟΣ
ομπρελα,ΟΜΠΡΕΛΑ
ονειρευομαι,ΟΝΕΙΡΕΥΟΜΑΙ
ονομα,ΟΝΟΜΑ
οπλο,ΟΠΛΟ
οργανωνω,ΟΡΓΑΝΩΝΩ
ορεξη,ΟΡΕΞΗ
οροφος,ΟΡΟΦΟΣ
ουρανος,ΟΥΡΑΝΟΣ
οφειλω,ΟΦΕΙΛΩ
οχι,ΟΧΙ
παγος,ΠΑΓΟΣ
παγωτο,ΠΑΓΩΤΟ
παιδι,ΠΑΙΔΙ
παιζω,ΠΑΙΖΩ
παιρνω,ΠΑΙΡΝΩ
παιχνιδι,ΠΑΙΧΝΙΔΙ
παλι,ΠΑΛΙ
παλτο,ΠΑΛΤΟ
παντελονι,ΠΑΝΤΕΛΟΝΙ
παντου,ΠΑΝΤΟΥ
παπας,ΠΑΠΑΣ
παραδεχομαι,ΠΑΡΑΔΕΧΟΜΑΙ
παραθυρο,ΠΑΡΑΘΥΡΟ
παραιτουμαι,ΠΑΡΑΙΤΟΥΜΑΙ
παρακολουθω,ΠΑΡΑΚΟΛΟΥΘΩ
παραξενος,ΠΑΡΑΞΕΝΟΣ
παραπονο,ΠΑΡΑΠΟΝΟ
παρασκευη,ΠΑΡΑΣΚΕΥΗ
παρασταση,ΠΑΡΑΣΤΑΣΗ
παρελθον,ΠΑΡΕΛΘΟΝ
παρισι,ΠΑΡΙΣΙ
πατατα,ΠΑΤΑΤΑ
πατερας,ΠΑΤΕΡΑΣ
πατωμα,ΠΑΤΩΜΑ
πεζος,ΠΕΖΟΣ
πεθαινω,ΠΕΘΑΙΝΩ
πεινω,ΠΕΙΝΩ
πελατης,ΠΕΛΑΤΗΣ
πεμπτη,ΠΕΜΠΤΗ
περιβαλλον,ΠΕΡΙΒΑΛΛΟΝ
περιγραφω,ΠΕΡΙΓΡΑΦΩ
περιμενω,ΠΕΡΙΜΕΝΩ
περιοδικο,ΠΕΡΙΟΔΙΚΟ
περιουσια,ΠΕΡΙΟΥΣΙΑ
περιοχη,ΠΕΡΙΟΧΗ
περιπτερο,ΠΕΡΙΠΤΕΡΟ
περπατω,ΠΕΡΠΑΤΩ
πετρα,ΠΕΤΡΑ
πετρελαιο,ΠΕΤΡΕΛΑΙΟ
πετσετα,ΠΕΤΣΕΤΑ
πετυχαινω,ΠΕΤΥΧΑΙΝΩ
πετω,ΠΕΤΩ
πηγαινω,ΠΗΓΑΙΝΩ
πηγη,ΠΗΓΗ
πηδω,ΠΗΔΩ
πιατο,ΠΙΑΤΟ
πιθανος,ΠΙΘΑΝΟΣ
πικρος,ΠΙΚΡΟΣ
πιρουνι,ΠΙΡΟΥΝΙ
πλαστικο,ΠΛΑΣΤΙΚΟ
πλατεια,ΠΛΑΤΕΙΑ
πλατη,ΠΛΑΤΗ
πλεκω,ΠΛΕΚΩ
πλενω,ΠΛΕΝΩ
πληγη,ΠΛΗΓΗ
πληθυσμος,ΠΛΗΘΥΣΜΟΣ
πληροφορω,ΠΛΗΡΟΦΟΡΩ
πληρωνω,ΠΛΗΡΩΝΩ
πλοιο,ΠΛΟΙΟ
πλουσιος,ΠΛΟΥΣΙΟΣ
ποδηλατο,ΠΟΔΗΛΑΤΟ
ποδι,ΠΟΔΙ
ποιος,ΠΟΙΟΣ
πολη,ΠΟΛΗ
πολιτης,ΠΟΛΙΤΗΣ
πολυθρονα,ΠΟΛΥΘΡΟΝΑ
πονω,ΠΟΝΩ
πορτα,ΠΟΡΤΑ
ποσος,ΠΟΣΟΣ
ποταμι,ΠΟΤΑΜΙ
ποτε,ΠΟΤΕ
ποτηρι,ΠΟΤΗΡΙ
ποτιζω,ΠΟΤΙΖΩ
ποτο,ΠΟΤΟ
πουθενα,ΠΟΥΘΕΝΑ
πουκαμισο,ΠΟΥΚΑΜΙΣΟ
πουλι,ΠΟΥΛΙ
πουλω,ΠΟΥΛΩ
πρασινος,ΠΡΑΣΙΝΟΣ
πρεπει,ΠΡΕΠΕΙ
προβλημα,ΠΡΟΒΛΗΜΑ
προγραμμα,ΠΡΟΓΡΑΜΜΑ
προδιδω,ΠΡΟΔΙΔΩ
προεδρος,ΠΡΟΕΔΡΟΣ
προειδοποιω,ΠΡΟΕΙΔΟΠΟΙΩ
προθυμος,ΠΡΟΘΥΜΟΣ
προσβαλλω,ΠΡΟΣΒΑΛΛΩ
προσεχω,ΠΡΟΣΕΧΩ
προσκληση,ΠΡΟΣΚΛΗΣΗ
προσοχη,ΠΡΟΣΟΧΗ
προσπαθεια,ΠΡΟΣΠΑΘΕΙΑ
προστατευω,ΠΡΟΣΤΑΤΕΥΩ
προσφορα,ΠΡΟΣΦΟΡΑ
προσωρινος,ΠΡΟΣΩΡΙΝΟΣ
προτεινω,ΠΡΟΤΕΙΝΩ
προϊον,ΠΡΟΪΟΝ
πρωι,ΠΡΩΙ
πρωτα,ΠΡΩΤΑ
πρωτευουσα,ΠΡΩΤΕΥΟΥΣΑ
πως,ΠΩΣ
ραδιοφωνο,ΡΑΔΙΟΦΩΝΟ
ρευμα,ΡΕΥΜΑ
ριζα,ΡΙΖΑ
ριχνω,ΡΙΧΝΩ
ροδα,ΡΟΔΑ
ρουχισμος,ΡΟΥΧΙΣΜΟΣ
ρυζι,ΡΥΖΙ
σαββατο,ΣΑΒΒΑΤΟ
σακιδιο,ΣΑΚΙΔΙΟ
σαλατα,ΣΑΛΑΤΑ
σαλτσα,ΣΑΛΤΣΑ
σαπουνι,ΣΑΠΟΥΝΙ
σαφης,ΣΑΦΗΣ
σβηνω,ΣΒΗΝΩ
σβηνω φωτα,ΣΒΗΝΩ_ΦΩΤΑ
σειρα,ΣΕΙΡΑ
σελιδα,ΣΕΛΙΔΑ
σεπτεμβριος,ΣΕΠΤΕΜΒΡΙΟΣ
σερβιρω,ΣΕΡΒΙΡΩ
σημαντικος,ΣΗΜΑΝΤΙΚΟΣ
σημειωνω,ΣΗΜΕΙΩΝΩ
σημερα,ΣΗΜΕΡΑ
σκαβω,ΣΚΑΒΩ
σκαλα,ΣΚΑΛΑ
σκεπη,ΣΚΕΠΗ
σκεφτομαι,ΣΚΕΦΤΟΜΑΙ
σκηνη,ΣΚΗΝΗ
σκια,ΣΚΙΑ
σκληρος,ΣΚΛΗΡΟΣ
σκονη,ΣΚΟΝΗ
σκουπιζω,ΣΚΟΥΠΙΖΩ
σκουρος,ΣΚΟΥΡΟΣ
σκυλος,ΣΚΥΛΟΣ
σομπα,ΣΟΜΠΑ
σουπα,ΣΟΥΠΑ
σπορ,ΣΠΟΡ
σπουδαζω,ΣΠΟΥΔΑΖΩ
σπρωχνω,ΣΠΡΩΧΝΩ
σταθερος,ΣΤΑΘΕΡΟΣ
σταφυλι,ΣΤΑΦΥΛΙ
σταχτη,ΣΤΑΧΤΗ
στεγνος,ΣΤΕΓΝΟΣ
στενος,ΣΤΕΝΟΣ
στηθος,ΣΤΗΘΟΣ
στιγμη,ΣΤΙΓΜΗ
στραβος,ΣΤΡΑΒΟΣ
στρατιωτης,ΣΤΡΑΤΙΩΤΗΣ
στρατος,ΣΤΡΑΤΟΣ
στριβω,ΣΤΡΙΒΩ
στρογγυλος,ΣΤΡΟΓΓΥΛΟΣ
στροφη,ΣΤΡΟΦΗ
συγγενης,ΣΥΓΓΕΝΗΣ
συγγνωμη,ΣΥΓΓΝΩΜΗ
συγχρονως,ΣΥΓΧΡΟΝΩΣ
συγχωρω,ΣΥΓΧΩΡΩ
συζητηση,ΣΥΖΗΤΗΣΗ
συμβουλευω,ΣΥΜΒΟΥΛΕΥΩ
συμφωνια,ΣΥΜΦΩΝΙΑ
συναντω,ΣΥΝΑΝΤΩ
συνεννοουμαι,ΣΥΝΕΝΝΟΟΥΜΑΙ
συνηθεια,ΣΥΝΗΘΕΙΑ
συνορευω,ΣΥΝΟΡΕΥΩ
συντομος,ΣΥΝΤΟΜΟΣ
συντροφια,ΣΥΝΤΡΟΦΙΑ
συρμα,ΣΥΡΜΑ
συχνα,ΣΥΧΝΑ
σφιχτος,ΣΦΙΧΤΟΣ
σχεδιο,ΣΧΕΔΙΟ
σχεδον,ΣΧΕΔΟΝ
σχεση,ΣΧΕΣΗ
σχολειο,ΣΧΟΛΕΙΟ
σωζω,ΣΩΖΩ
σωληνας,ΣΩΛΗΝΑΣ
σωμα,ΣΩΜΑ
σωπαινω,ΣΩΠΑΙΝΩ
σωρος,ΣΩΡΟΣ
σωστος,ΣΩΣΤΟΣ
ταξι,ΤΑΞΙ
τελειωνω,ΤΕΛΕΙΩΝΩ
τελος,ΤΕΛΟΣ
τεταρτη,ΤΕΤΑΡΤΗ
τεταρτο,ΤΕΤΑΡΤΟ
τηλεφωνω,ΤΗΛΕΦΩΝΩ
τι,ΤΙ
τοπος,ΤΟΠΟΣ
τραβω,ΤΡΑΒΩ
τρενο,ΤΡΕΝΟ
τριτη,ΤΡΙΤΗ
τροχοσπιτο,ΤΡΟΧΟΣΠΙΤΟ
τρωω,ΤΡΩΩ
τσαντα,ΤΣΑΝΤΑ
τσατσαρα,ΤΣΑΤΣΑΡΑ
τσιγκουνης,ΤΣΙΓΚΟΥΝΗΣ
τυλιγω,ΤΥΛΙΓΩ
τυρι,ΤΥΡΙ
τυχερος,ΤΥΧΕΡΟΣ
τυχη,ΤΥΧΗ
τωρα,ΤΩΡΑ
υγεια,ΥΓΕΙΑ
υγρο,ΥΓΡΟ
υγρος,ΥΓΡΟΣ
υλικο,ΥΛΙΚΟ
υπαλληλος,ΥΠΑΛΛΗΛΟΣ
υπερασπιζω,ΥΠΕΡΑΣΠΙΖΩ
υπεροχος,ΥΠΕΡΟΧΟΣ
υπευθυνος,ΥΠΕΥΘΥΝΟΣ
υπογειο,ΥΠΟΓΕΙΟ
υποδεχομαι,ΥΠΟΔΕΧΟΜΑΙ
υπολογιζω,ΥΠΟΛΟΓΙΖΩ
υπομονη,ΥΠΟΜΟΝΗ
υποπτος,ΥΠΟΠΤΟΣ
υποσχομαι,ΥΠΟΣΧΟΜΑΙ
υπουργος,ΥΠΟΥΡΓΟΣ
υποφερω,ΥΠΟΦΕΡΩ
υφασμα,ΥΦΑΣΜΑ
υψος,ΥΨΟΣ
φαγητο,ΦΑΓΗΤΟ
φαναρια κυκλοφοριας,ΦΑΝΑΡΙΑ_ΚΥΚΛΟΦΟΡΙΑΣ
φανταζομαι,ΦΑΝΤΑΖΟΜΑΙ
φαρδυς,ΦΑΡΔΥΣ
φαρμακειο,ΦΑΡΜΑΚΕΙΟ
φαρμακο,ΦΑΡΜΑΚΟ
φασαρια,ΦΑΣΑΡΙΑ
φεβρουαριος,ΦΕΒΡΟΥΑΡΙΟΣ
φεγγαρι,ΦΕΓΓΑΡΙ
φερνω,ΦΕΡΝΩ
φθινοπωρο,ΦΘΙΝΟΠΩΡΟ
φιλι,ΦΙΛΙ
φιλοξενω,ΦΙΛΟΞΕΝΩ
φιλος,ΦΙΛΟΣ
φοβαμαι,ΦΟΒΑΜΑΙ
φοβος,ΦΟΒΟΣ
φοιτητης,ΦΟΙΤΗΤΗΣ
φορεμα,ΦΟΡΕΜΑ
φορτηγο,ΦΟΡΤΗΓΟ
φουστα,ΦΟΥΣΤΑ
φρεσκος,ΦΡΕΣΚΟΣ
φροντιζω,ΦΡΟΝΤΙΖΩ
φρουτο,ΦΡΟΥΤΟ
φτηνος,ΦΤΗΝΟΣ
φτιαχνω,ΦΤΙΑΧΝΩ
φτωχος,ΦΤΩΧΟΣ
φυλλο,ΦΥΛΛΟ
φυση,ΦΥΣΗ
φυτευω,ΦΥΤΕΥΩ
φυτο,ΦΥΤΟ
φωναζω,ΦΩΝΑΖΩ
φωνη,ΦΩΝΗ
φως,ΦΩΣ
φωτογραφιζω,ΦΩΤΟΓΡΑΦΙΖΩ
φωτογραφικη μηχανη,ΦΩΤΟΓΡΑΦΙΚΗ_ΜΗΧΑΝΗ
χαιρετω,ΧΑΙΡΕΤΩ
χαλι,ΧΑΛΙ
χαμηλα,ΧΑΜΗΛΑ
χαμογελο,ΧΑΜΟΓΕΛΟ
χαπι,ΧΑΠΙ
χαρα,ΧΑΡΑ
χαρακτηρας,ΧΑΡΑΚΤΗΡΑΣ
χαριζω,ΧΑΡΙΖΩ
χαρτης,ΧΑΡΤΗΣ
χαρτι,ΧΑΡΤΙ
χειμωνας,ΧΕΙΜΩΝΑΣ
χθες,ΧΘΕΣ
χιλιομετρο,ΧΙΛΙΟΜΕΤΡΟ
χιονιζω,ΧΙΟΝΙΖΩ
χιουμορ,ΧΙΟΥΜΟΡ
χοντρος,ΧΟΝΤΡΟΣ
χορευω,ΧΟΡΕΥΩ
χορτο,ΧΟΡΤΟ
χρειαζομαι,ΧΡΕΙΑΖΟΜΑΙ
χρεος,ΧΡΕΟΣ
χρημα,ΧΡΗΜΑ
χρησιμοποιω,ΧΡΗΣΙΜΟΠΟΙΩ
χρησιμος,ΧΡΗΣΙΜΟΣ
χριστουγεννα,ΧΡΙΣΤΟΥΓΕΝΝΑ
χρονος,ΧΡΟΝΟΣ
χρωμα,ΧΡΩΜΑ
χτυπω χτυπημα,ΧΤΥΠΩ,_ΧΤΥΠΗΜΑ
χωρα,ΧΩΡΑ
χωραφι,ΧΩΡΑΦΙ
χωριζω,ΧΩΡΙΖΩ
χωριο,ΧΩΡΙΟ
χωρις,ΧΩΡΙΣ
ψαχνω,ΨΑΧΝΩ
ψεμα,ΨΕΜΑ
ψηλος,ΨΗΛΟΣ
ψηφιζω,ΨΗΦΙΖΩ
ψυγειο,ΨΥΓΕΙΟ
ψυχη,ΨΥΧΗ
ψυχρα,ΨΥΧΡΑ
ψωμι,ΨΩΜΙ
ωμος,ΩΜΟΣ
ωρα,ΩΡΑ
ωραιος,ΩΡΑΙΟΣ
